{"cameraMode":{"drawMode":0,"name":"Shaded","section":"Shading Mode"},"sceneLighting":false,"audioPlay":false,"sceneViewState":{"showFog":true,"showMaterialUpdate":false,"showSkybox":false,"showFlares":true,"showImageEffects":true,"showParticleSystems":true},"in2DMode":false,"pivot":{"x":-0.7775774598121643,"y":1.926153540611267,"z":-6.298267364501953},"rotation":{"x":-0.056994467973709109,"y":0.7876564860343933,"z":-0.07370978593826294,"w":-0.6090344786643982},"size":10.0,"orthographic":false}